Name,Price,Store Price,Store Base Price
Fracture Case,99,99,76
Dreams & Nightmares Case,203,232,166
★ Moto Gloves | Spearmint (Field-Tested),500758,503197,275889
★ Butterfly Knife | Gamma Doppler Phase 2 (Factory New),472172,492138,263660
M4A1-S | Knight (Factory New),538876,538876,314455
AK-47 | Hydroponic (Factory New),999753,1032842,551765
M4A1-S | Fade (Factory New),57041,57041,40250
★ Nomad Knife | Tiger Tooth (Factory New),37893,37893,27304
AK-47 | Inheritance (Field-Tested),7965,7965,5936
Desert Eagle | Printstream (Field-Tested),6840,6840,5060
AK-47 | The Empress (Field-Tested),16484,16484,14129
★ Butterfly Knife | Bright Water (Field-Tested),103869,103869,79200
Souvenir SSG 08 | Death Strike (Battle-Scarred),29800,29800,29800
★ Kukri Knife | Fade (Factory New),34211,34211,25462
AWP | Printstream (Field-Tested),8770,8770,6733
AK-47 | Asiimov (Field-Tested),7385,7385,5755
AWP | Queen's Gambit (Well-Worn),10316,10316,8019
★ Survival Knife | Marble Fade (Factory New),23427,23427,17948
★ Skeleton Knife | Rust Coat (Battle-Scarred),24749,24749,18631
USP-S | Printstream (Field-Tested),7206,7206,5500
AK-47 | Inheritance (Minimal Wear),12408,12408,9534
M4A1-S | Flashback (Factory New),33846,33846,25679
★ M9 Bayonet | Tiger Tooth (Factory New),130943,130943,102842
★ Skeleton Knife,48983,48983,36728
★ Hand Wraps | Duct Tape (Field-Tested),9141,9141,7102
AK-47 | Redline (Field-Tested),5521,5521,4312
SSG 08 | Dragonfire (Minimal Wear),54852,54852,45443
★ Sport Gloves | Amphibious (Field-Tested),65721,65721,47421
★ Specialist Gloves | Mogul (Field-Tested),19841,19841,15400
AK-47 | Neon Rider (Field-Tested),8423,8423,6273
★ Huntsman Knife | Lore (Field-Tested),17553,17553,12776
M4A4 | Neo-Noir (Field-Tested),6400,6400,5000
★ Flip Knife | Marble Fade (Factory New),51434,51434,39426
★ Hand Wraps | Cobalt Skulls (Field-Tested),42135,42135,31055
★ Driver Gloves | Overtake (Field-Tested),9907,9907,7475
★ Specialist Gloves | Buckshot (Field-Tested),9413,9413,7215
StatTrak™ AWP | Neo-Noir (Field-Tested),9195,9195,7200
★ Huntsman Knife | Marble Fade (Factory New),36108,36108,26999
★ Flip Knife | Tiger Tooth (Factory New),41413,41413,30789
AK-47 | Asiimov (Minimal Wear),10091,10091,7994
M4A1-S | Vaporwave (Field-Tested),9870,9870,7599
AWP | Atheris (Factory New),9984,9984,7575
★ Huntsman Knife | Autotronic (Field-Tested),19050,19050,14287
★ Nomad Knife,25046,25046,20700
★ Falchion Knife | Lore (Field-Tested),18116,18116,13999
★ Survival Knife,9916,9916,7985
★ Moto Gloves | Transport (Well-Worn),7254,7254,5658
★ Gut Knife | Marble Fade (Factory New),21689,21689,17438
AK-47 | Vulcan (Field-Tested),35604,35604,27836
★ Hydra Gloves | Case Hardened (Field-Tested),11892,11892,9965
AWP | Printstream (Well-Worn),7485,7485,5860
★ Survival Knife | Forest DDPAT (Field-Tested),8107,8107,6750
★ Butterfly Knife | Scorched (Field-Tested),86873,86873,65650
★ Kukri Knife,18363,18363,14272
AK-47 | Crane Flight (Field-Tested),3434,3434,2415
★ Kukri Knife | Crimson Web (Field-Tested),16296,16296,13042
★ Moto Gloves | 3rd Commando Company (Battle-Scarred),4862,7341,5621
★ Stiletto Knife,40283,40283,30637
★ Stiletto Knife | Rust Coat (Battle-Scarred),24246,24246,19600
★ Talon Knife | Safari Mesh (Field-Tested),37146,39946,27740
★ Driver Gloves | Queen Jaguar (Field-Tested),9927,9927,7130
AK-47 | Inheritance (Battle-Scarred),6406,6406,4773
★ Moto Gloves | 3rd Commando Company (Well-Worn),8010,8010,6400
★ Bayonet | Rust Coat (Battle-Scarred),23140,23140,18269
★ Bayonet | Tiger Tooth (Factory New),55103,55103,44133
AWP | Wildfire (Field-Tested),8487,8487,6474
★ Driver Gloves | Racing Green (Field-Tested),6084,6084,4600
M4A1-S | Vaporwave (Well-Worn),8751,8751,7712
★ Sport Gloves | Vice (Battle-Scarred),50397,50397,41000
★ Specialist Gloves | Fade (Field-Tested),38435,38435,30828
AK-47 | The Oligarch (Field-Tested),11344,11344,8384
Desert Eagle | Printstream (Minimal Wear),8585,8585,6671
MAC-10 | Fade (Factory New),10698,10698,8537
AK-47 | Head Shot (Battle-Scarred),4619,5654,3791
★ Bowie Knife | Marble Fade (Factory New),31028,31028,24184
★ Bowie Knife | Tiger Tooth (Factory New),23295,23295,19000
★ Moto Gloves | Transport (Field-Tested),7075,7075,5862
AWP | Asiimov (Battle-Scarred),13459,13459,10450
P250 | Vino Primo (Factory New),4958,4958,3988
★ Butterfly Knife | Forest DDPAT (Field-Tested),86148,86148,63462
★ Falchion Knife | Autotronic (Field-Tested),17990,17990,14711
AK-47 | Frontside Misty (Field-Tested),3025,3025,2283
★ Hand Wraps | Arboreal (Field-Tested),8825,8825,6574
AK-47 | Legion of Anubis (Factory New),9583,9583,7696
★ Driver Gloves | King Snake (Battle-Scarred),20081,20081,15916
★ Nomad Knife | Rust Coat (Battle-Scarred),17854,17854,14148
★ Broken Fang Gloves | Unhinged (Field-Tested),10806,10806,8620
★ Broken Fang Gloves | Needle Point (Field-Tested),9179,9179,7185
Glock-18 | Ironwork (Factory New),13274,13274,10220
AWP | Asiimov (Field-Tested),21942,21942,17599
★ Hand Wraps | Overprint (Field-Tested),19795,19795,15448
★ Falchion Knife | Black Laminate (Field-Tested),11950,11950,9450
★ Huntsman Knife | Freehand (Field-Tested),6523,13182,8881
★ Broken Fang Gloves | Yellow-banded (Battle-Scarred),8508,8508,6387
★ Specialist Gloves | Lt. Commander (Field-Tested),20450,20450,16991
★ Butterfly Knife | Black Laminate (Field-Tested),125230,125230,95500
★ Paracord Knife,10363,10363,8150
AWP | Printstream (Minimal Wear),14062,14062,10899
★ Kukri Knife | Safari Mesh (Minimal Wear),4653,8169,6851
★ Skeleton Knife | Boreal Forest (Field-Tested),20717,20717,16900
★ Nomad Knife | Fade (Factory New),58654,58654,44244
★ Falchion Knife | Bright Water (Field-Tested),12285,12285,9700
★ Huntsman Knife | Bright Water (Field-Tested),10514,10514,8270
StatTrak™ AWP | Worm God (Field-Tested),839,839,692
★ Paracord Knife | Fade (Factory New),27805,27805,22800
★ Flip Knife | Lore (Field-Tested),31234,31234,24955
AWP | Queen's Gambit (Field-Tested),11666,11666,8450
★ Moto Gloves | 3rd Commando Company (Field-Tested),8113,8113,6267
AK-47 | Safety Net (Minimal Wear),837,837,649
AK-47 | The Empress (Minimal Wear),18183,18183,14843
★ Specialist Gloves | Crimson Web (Battle-Scarred),19483,19483,14272
AK-47 | Aquamarine Revenge (Field-Tested),7151,7151,5502
★ Hydra Gloves | Emerald (Field-Tested),6611,6611,5056
AWP | Chrome Cannon (Minimal Wear),6697,6697,5445
★ Gut Knife | Tiger Tooth (Factory New),18030,18030,14000
AK-47 | Case Hardened (Minimal Wear),49976,49976,49999
★ Navaja Knife | Tiger Tooth (Factory New),12804,12804,10000
★ Bowie Knife | Bright Water (Field-Tested),9711,9711,7422
AK-47 | Aquamarine Revenge (Factory New),36303,36303,31500
★ Kukri Knife | Case Hardened (Field-Tested),18227,18227,14444
★ Skeleton Knife | Safari Mesh (Field-Tested),20826,20826,16100
★ Survival Knife | Slaughter (Minimal Wear),21321,22350,17000
★ Hydra Gloves | Mangrove (Field-Tested),5809,5809,4662
★ Broken Fang Gloves | Yellow-banded (Field-Tested),9373,9373,7835
★ Bowie Knife | Night (Field-Tested),10996,10996,9000
★ Bayonet | Damascus Steel (Field-Tested),30133,30133,23900
M4A1-S | Printstream (Minimal Wear),52442,52442,42278
M4A4 | Desolate Space (Field-Tested),2511,2511,1832
★ Bowie Knife | Autotronic (Field-Tested),15386,15386,12155
★ Bayonet | Crimson Web (Battle-Scarred),33064,33064,28010
★ Driver Gloves | Black Tie (Battle-Scarred),19452,19452,15191
AK-47 | The Oligarch (Minimal Wear),21028,21028,16000
★ Kukri Knife | Urban Masked (Field-Tested),8539,8539,6642
★ Sport Gloves | Bronze Morph (Battle-Scarred),16627,16627,12765
AK-47 | The Empress (Well-Worn),16215,16215,13129
★ Kukri Knife | Case Hardened (Minimal Wear),21755,21755,16215
★ Shadow Daggers | Marble Fade (Factory New),17487,17487,15203
★ Hand Wraps | Desert Shamagh (Field-Tested),8022,8022,6052
★ Falchion Knife | Freehand (Field-Tested),14059,14059,11000
★ StatTrak™ Kukri Knife | Safari Mesh (Field-Tested),7918,7918,6640
★ Driver Gloves | Snow Leopard (Battle-Scarred),39576,39576,33633
★ Ursus Knife | Doppler Phase 3 (Factory New),46233,46233,25126
★ Hydra Gloves | Rattler (Field-Tested),5811,5811,4555
Desert Eagle | Printstream (Battle-Scarred),6279,6279,4901
Glock-18 | Water Elemental (Field-Tested),3094,3094,2498
Primeiro Tenente | Brazilian 1st Battalion,22785,22785,17123
★ Specialist Gloves | Crimson Web (Well-Worn),24736,24736,19975
AK-47 | Neon Rider (Minimal Wear),13829,13829,10802
Sir Bloody Skullhead Darryl | The Professionals,6839,6839,5078
Health Pin,3818,3818,2993
★ Flip Knife | Bright Water (Field-Tested),23004,23004,18155
★ Shadow Daggers | Gamma Doppler Phase 4 (Factory New),19542,19542,10861
★ Survival Knife | Rust Coat (Battle-Scarred),7624,7624,6195
AK-47 | Aphrodite (Field-Tested),3639,3639,2991
StatTrak™ Desert Eagle | Printstream (Battle-Scarred),9934,9934,8139
★ Flip Knife | Doppler Phase 4 (Factory New),65345,65345,35871
★ Sport Gloves | Scarlet Shamagh (Well-Worn),34952,34952,26832
★ Huntsman Knife | Black Laminate (Field-Tested),12134,12134,9136
★ Hand Wraps | Giraffe (Field-Tested),8437,8437,6552
AWP | Chromatic Aberration (Battle-Scarred),4947,4947,3986
M4A1-S | Icarus Fell (Factory New),107548,107548,82507
★ Specialist Gloves | Blackbook (Field-Tested),60594,60594,44856
★ Ursus Knife | Rust Coat (Battle-Scarred),10265,10265,7808
M4A4 | Temukau (Field-Tested),5901,5901,4643
M4A1-S | Basilisk (Factory New),9934,9934,7992
★ Specialist Gloves | Fade (Battle-Scarred),21998,21998,17566
AK-47 | Case Hardened (Well-Worn),34493,34493,26616
★ Falchion Knife | Rust Coat (Battle-Scarred),10456,10456,8300
Special Agent Ava | FBI,3641,3641,2711
FAMAS | Bad Trip (Factory New),13591,13591,12146
★ Gut Knife | Fade (Factory New),23717,23717,19324
AK-47 | Inheritance (Factory New),23575,23575,18251
★ Shadow Daggers | Lore (Field-Tested),10023,10023,8100
★ Kukri Knife | Forest DDPAT (Field-Tested),7990,7990,6368
USP-S | Blueprint (Factory New),26434,26434,20433
★ Bayonet | Autotronic (Battle-Scarred),47340,47340,38591
★ Ursus Knife | Fade (Factory New),38160,38160,30257
AWP | Neo-Noir (Field-Tested),7029,7029,5642
AK-47 | Point Disarray (Field-Tested),2390,2390,1808
AWP | Electric Hive (Factory New),26298,26298,21850
★ Huntsman Knife | Lore (Minimal Wear),21072,21072,17034
★ StatTrak™ Talon Knife | Tiger Tooth (Factory New),97519,97519,79922
★ Bowie Knife | Freehand (Field-Tested),11863,11863,9324
★ Kukri Knife | Boreal Forest (Field-Tested),7789,7789,6317
★ Gut Knife | Freehand (Factory New),12706,12706,11500
★ Karambit | Urban Masked (Field-Tested),81959,81959,61322
AWP | Desert Hydra (Factory New),326290,326290,182009
Lt. Commander Ricksaw | NSWC SEAL,4287,4287,3200
AWP | Crakow! (Field-Tested),5075,5075,3779
UMP-45 | K.O. Factory (Minimal Wear),1109,1109,952
★ Bowie Knife | Lore (Minimal Wear),20639,20639,17376
M4A4 | Full Throttle (Minimal Wear),18204,18204,13472
★ Kukri Knife | Blue Steel (Field-Tested),14505,14505,11482
★ Shadow Daggers | Autotronic (Field-Tested),8488,8488,6770
★ Paracord Knife | Scorched (Field-Tested),8035,8035,6400
★ Shadow Daggers | Gamma Doppler Phase 2 (Factory New),19934,19934,11480
★ Shadow Daggers | Tiger Tooth (Factory New),14179,14179,10962
AWP | Hyper Beast (Field-Tested),6083,6083,4727
M4A1-S | Moss Quartz (Factory New),23854,23854,20097
★ Moto Gloves | POW! (Field-Tested),18341,18341,14375
★ Moto Gloves | Finish Line (Field-Tested),18380,18380,14200
★ Kukri Knife | Night Stripe (Field-Tested),8846,9787,7300
AWP | Neo-Noir (Minimal Wear),7872,9168,6237
FAMAS | Cyanospatter (Factory New),3381,3381,2555
★ Ursus Knife | Case Hardened (Field-Tested),21358,21358,15986
★ Flip Knife | Damascus Steel (Field-Tested),23618,23618,20000
★ Kukri Knife | Stained (Field-Tested),11799,12962,9581
★ Bowie Knife | Black Laminate (Field-Tested),9815,10923,7958
P90 | Deathgaze (Field-Tested),1055,1055,867
★ Nomad Knife | Case Hardened (Minimal Wear),35319,35319,30079
★ Flip Knife | Rust Coat (Battle-Scarred),21082,21082,17470
★ Navaja Knife | Marble Fade (Factory New),17084,19146,13221
★ Paracord Knife | Crimson Web (Field-Tested),16210,17161,12561
UMP-45 | Primal Saber (Field-Tested),1877,1877,1565
★ Hand Wraps | Cobalt Skulls (Minimal Wear),77932,77932,65546
★ Specialist Gloves | Marble Fade (Well-Worn),24582,26754,20396
★ Skeleton Knife | Case Hardened (Minimal Wear),57977,57977,47322
★ Huntsman Knife | Rust Coat (Battle-Scarred),9351,10796,7530
M4A4 | The Emperor (Field-Tested),9701,10895,7569
XM1014 | Solitude (Factory New),11075,11075,8942
Glock-18 | Fully Tuned (Minimal Wear),22789,22789,17200
★ Butterfly Knife | Ultraviolet (Battle-Scarred),94120,94120,77223
USP-S | Printstream (Battle-Scarred),5934,6578,4804
Safecracker Voltzmann | The Professionals,3501,3916,2610
Sawed-Off | Kiss♥Love (Factory New),3134,3134,2513
★ Bayonet | Safari Mesh (Field-Tested),21592,21592,18181
★ M9 Bayonet | Scorched (Field-Tested),56986,56986,43980
USP-S | Printstream (Minimal Wear),11403,12722,8795
★ Survival Knife | Damascus Steel (Field-Tested),10690,11643,8822
AK-47 | Nightwish (Battle-Scarred),10277,10277,8200
★ Falchion Knife | Slaughter (Minimal Wear),35083,35083,31971
★ Bowie Knife | Autotronic (Minimal Wear),18121,18121,14691
AWP | Printstream (Battle-Scarred),7238,8233,5800
AWP | Green Energy (Field-Tested),1868,2010,1384
AK-47 | Asiimov (Battle-Scarred),6817,6817,5556
★ Hydra Gloves | Case Hardened (Minimal Wear),18587,18587,13702
★ Flip Knife | Black Laminate (Field-Tested),23790,23790,18382
M4A1-S | Player Two (Minimal Wear),10781,11917,9660
M4A4 | Temukau (Minimal Wear),10980,11886,8525
FAMAS | Rapid Eye Movement (Battle-Scarred),629,973,808
★ Driver Gloves | Queen Jaguar (Minimal Wear),20359,20359,17500
AWP | BOOM (Minimal Wear),28352,29646,23155
★ Bowie Knife | Lore (Well-Worn),14829,17269,11445
Glock-18 | Fully Tuned (Field-Tested),11390,12508,8942
Sawed-Off | Kiss♥Love (Minimal Wear),1020,1020,897
★ Skeleton Knife | Forest DDPAT (Battle-Scarred),20498,20498,16438
M4A4 | Eye of Horus (Field-Tested),60657,60657,54241
★ Paracord Knife | Rust Coat (Battle-Scarred),7683,8679,6260
★ Gut Knife | Lore (Field-Tested),14869,16274,11583
Dual Berettas | Melondrama (Minimal Wear),1268,1268,1047
M4A1-S | Printstream (Well-Worn),33052,33052,27600
★ Ursus Knife,18840,18840,14444
AK-47 | Aphrodite (Well-Worn),2334,2519,1772
★ Kukri Knife | Safari Mesh (Field-Tested),7491,8487,5847
Galil AR | Black Sand (Minimal Wear),825,825,646
★ Skeleton Knife | Forest DDPAT (Minimal Wear),22970,22970,19000
AK-47 | B the Monster (Factory New),107052,107052,79254
AK-47 | Nouveau Rouge (Field-Tested),2061,2189,1536
M4A1-S | Decimator (Field-Tested),2249,2438,1725
Glock-18 | Snack Attack (Field-Tested),3224,3224,2685
★ Bayonet | Ultraviolet (Minimal Wear),37746,37746,32322
★ Survival Knife | Case Hardened (Minimal Wear),19719,20303,14843
★ Bowie Knife | Fade (Factory New),39254,39254,30593
★ Survival Knife | Urban Masked (Field-Tested),9209,9901,7494
AK-47 | Slate (Field-Tested),772,865,579
★ Huntsman Knife | Fade (Factory New),44714,44714,35611
★ Specialist Gloves | Crimson Web (Minimal Wear),61708,61708,48296
M4A1-S | Black Lotus (Minimal Wear),1411,1638,1092
★ Falchion Knife | Black Laminate (Well-Worn),11472,12895,9000
★ Falchion Knife | Marble Fade (Minimal Wear),41447,41447,32311
AWP | Man-o'-war (Minimal Wear),19633,19633,16850
AWP | Chrome Cannon (Field-Tested),5393,5858,3992
StatTrak™ AK-47 | Inheritance (Field-Tested),15806,16876,11715
★ Bayonet | Ultraviolet (Battle-Scarred),23735,23735,20103
M4A1-S | Chantico's Fire (Minimal Wear),20678,20678,16829
★ Huntsman Knife | Bright Water (Minimal Wear),6338,13021,10131
AK-47 | Midnight Laminate (Minimal Wear),1863,1863,1347
★ StatTrak™ Kukri Knife | Fade (Factory New),36867,36867,28060
M4A1-S | Vaporwave (Factory New),37389,37389,27467
M4A1-S | Nightmare (Field-Tested),901,1898,1296
StatTrak™ AK-47 | Head Shot (Field-Tested),5590,5590,4255
★ Specialist Gloves | Field Agent (Well-Worn),21071,21071,16300
★ Nomad Knife | Case Hardened (Battle-Scarred),26148,26148,21335
AWP | Redline (Field-Tested),6575,7412,5117
USP-S | The Traitor (Field-Tested),6258,7066,4957
M4A1-S | Cyrex (Minimal Wear),32028,32028,25119
★ StatTrak™ Huntsman Knife | Lore (Field-Tested),18557,18557,15147
★ Kukri Knife | Case Hardened (Well-Worn),17137,18421,13340
★ Survival Knife | Case Hardened (Field-Tested),16287,17767,13129
★ Paracord Knife | Case Hardened (Minimal Wear),21257,21257,16629
★ StatTrak™ Stiletto Knife | Crimson Web (Field-Tested),51557,51557,44990
Desert Eagle | Kumicho Dragon (Field-Tested),1815,3737,2647
Cmdr. Frank 'Wet Sox' Baroud | SEAL Frogman,7979,8478,6064
★ Nomad Knife | Stained (Minimal Wear),23230,23230,18071
★ Bowie Knife | Slaughter (Minimal Wear),33166,33166,29000
AWP | Crakow! (Minimal Wear),10111,11140,7996
★ Kukri Knife | Scorched (Field-Tested),8015,9139,6325
★ Shadow Daggers | Doppler Ruby (Factory New),74886,74886,40264
★ Bayonet | Urban Masked (Minimal Wear),30417,30417,25102
AK-47 | Frontside Misty (Minimal Wear),5409,5974,4197
★ Moto Gloves | Polygon (Battle-Scarred),15946,16777,13129
★ Bayonet | Stained (Minimal Wear),30520,30520,25890
★ Flip Knife | Night (Field-Tested),22350,22350,17966
★ Kukri Knife | Case Hardened (Battle-Scarred),16322,18134,12882
★ Hand Wraps | Overprint (Battle-Scarred),13945,15346,10425
★ Stiletto Knife | Ultraviolet (Well-Worn),29517,29517,25167
M4A1-S | Mecha Industries (Field-Tested),11133,18930,14986
Desert Eagle | Code Red (Field-Tested),7762,8751,6736
AWP | Crakow! (Well-Worn),3798,4117,3084
★ Flip Knife | Black Laminate (Well-Worn),21788,25040,18710
AWP | Graphite (Factory New),35441,35441,30786
Operator | FBI SWAT,1947,2014,1485
M4A4 | 龍王 (Dragon King) (Field-Tested),2667,2865,1986
AWP | Oni Taiji (Minimal Wear),74882,74882,71971
M4A1-S | Chantico's Fire (Field-Tested),11058,20059,15871
★ Huntsman Knife | Damascus Steel (Field-Tested),15604,17946,13232
★ Huntsman Knife | Autotronic (Battle-Scarred),16216,17702,13669
★ Navaja Knife | Doppler Phase 1 (Factory New),22764,22942,12479
M4A4 | Temukau (Factory New),21378,21378,16806
Desert Eagle | Mecha Industries (Field-Tested),978,1127,767
★ Shadow Daggers | Bright Water (Field-Tested),7041,7988,5400
AK-47 | Case Hardened (Battle-Scarred),33008,33008,25550
AWP | BOOM (Field-Tested),19602,19602,15000
★ Paracord Knife | Urban Masked (Field-Tested),9016,9899,7154
★ Kukri Knife | Stained (Well-Worn),11085,12363,9063
M4A1-S | Hyper Beast (Field-Tested),18788,18788,15481
M4A4 | Asiimov (Field-Tested),36003,36003,27954
★ Kukri Knife | Blue Steel (Well-Worn),13903,15111,11357
Trapper Aggressor | Guerrilla Warfare,4598,5033,3424
★ Falchion Knife | Crimson Web (Field-Tested),19974,19974,17200
★ Flip Knife | Urban Masked (Field-Tested),21352,21352,17000
AK-47 | Aphrodite (Minimal Wear),8163,8592,6965
M4A1-S | Nightmare (Minimal Wear),4770,5039,3545
★ Bowie Knife | Freehand (Minimal Wear),13230,13230,10913
Desert Eagle | Cobalt Disruption (Factory New),30062,30559,22485
M4A1-S | Mecha Industries (Minimal Wear),19821,19821,15757
AK-47 | Aquamarine Revenge (Well-Worn),5875,5875,4500
★ Kukri Knife | Stained (Battle-Scarred),10881,10881,8219
★ Shadow Daggers | Doppler Phase 1 (Factory New),24245,24245,13577
★ Navaja Knife | Doppler Phase 4 (Factory New),21682,21682,12364
★ Specialist Gloves | Buckshot (Battle-Scarred),8545,9671,6568
★ Nomad Knife | Urban Masked (Well-Worn),17685,17685,13351
★ Skeleton Knife | Safari Mesh (Well-Worn),20018,20018,16019
Michael Syfers  | FBI Sniper,2667,2833,2082
USP-S | Jawbreaker (Field-Tested),658,768,508
★ Flip Knife | Case Hardened (Field-Tested),29014,29014,23379
★ Flip Knife | Ultraviolet (Battle-Scarred),21694,21694,17470
★ Huntsman Knife | Black Laminate (Well-Worn),11457,13672,9100
★ Shadow Daggers | Freehand (Field-Tested),8259,9671,6780
★ Navaja Knife | Fade (Factory New),18263,18263,14840
★ StatTrak™ Stiletto Knife | Rust Coat (Battle-Scarred),25350,25350,20000
★ Falchion Knife | Black Laminate (Battle-Scarred),11731,12377,8815
★ Bowie Knife | Bright Water (Minimal Wear),10451,11801,8755
★ Ursus Knife | Slaughter (Field-Tested),31177,31177,26640
AWP | LongDog (Minimal Wear),58007,58007,45000
StatTrak™ AK-47 | Asiimov (Field-Tested),11529,12589,9453
★ Driver Gloves | Queen Jaguar (Battle-Scarred),8751,10024,7089
★ Hand Wraps | Overprint (Minimal Wear),28725,28725,21990
★ Falchion Knife | Case Hardened (Field-Tested),29871,29871,24000
AK-47 | Slate (Minimal Wear),1295,1412,945
★ Huntsman Knife | Freehand (Factory New),16294,17529,12117
★ Ursus Knife | Case Hardened (Minimal Wear),27531,27531,21100
★ Bayonet | Crimson Web (Well-Worn),36384,36384,31395
M4A1-S | Decimator (Minimal Wear),1898,4017,2775
★ Bowie Knife | Ultraviolet (Field-Tested),11097,12031,9032
AWP | LongDog (Field-Tested),29354,29354,23977
★ Talon Knife | Urban Masked (Minimal Wear),48061,48061,37432
★ Huntsman Knife | Ultraviolet (Field-Tested),11015,13097,9000
Glock-18 | Water Elemental (Minimal Wear),3421,3781,2626
AWP | Atheris (Field-Tested),843,843,613
★ StatTrak™ Survival Knife | Fade (Factory New),33353,33353,25284
★ Huntsman Knife | Marble Fade (Minimal Wear),46607,46607,43700
AK-47 | Point Disarray (Minimal Wear),4060,4518,3140
★ Navaja Knife | Doppler Sapphire (Factory New),40780,40780,22966
★ StatTrak™ Falchion Knife | Lore (Field-Tested),20418,20418,16500
StatTrak™ M4A4 | Temukau (Field-Tested),6383,7283,4982
★ Driver Gloves | Queen Jaguar (Well-Worn),9407,10452,7525
★ Bayonet | Forest DDPAT (Battle-Scarred),21568,21568,17119
Glock-18 | Dragon Tattoo (Factory New),22861,22861,17300
M4A4 | 龍王 (Dragon King) (Minimal Wear),4931,5326,3947
★ Shadow Daggers | Black Laminate (Field-Tested),7170,8010,5650
★ Classic Knife | Case Hardened (Field-Tested),22853,22853,19409
★ Falchion Knife | Lore (Well-Worn),18817,18817,13586
StatTrak™ AK-47 | Redline (Field-Tested),11963,13182,8906
AK-47 | Ice Coaled (Minimal Wear),1405,1611,1095
★ StatTrak™ Bayonet | Rust Coat (Battle-Scarred),25836,25836,21080
M4A4 | Buzz Kill (Minimal Wear),69182,69182,53977
StatTrak™ Desert Eagle | Printstream (Field-Tested),11542,12924,8906
★ Survival Knife | Blue Steel (Field-Tested),6434,12576,9591
★ Talon Knife | Scorched (Battle-Scarred),38078,38078,31708
★ StatTrak™ Ursus Knife | Marble Fade (Factory New),34880,34880,27972
★ Gut Knife | Freehand (Field-Tested),10682,11816,8395
AWP | Ice Coaled (Minimal Wear),2774,3010,2102
★ Bowie Knife | Rust Coat (Battle-Scarred),8438,8438,6832
★ StatTrak™ Flip Knife | Autotronic (Field-Tested),34579,34579,32540
AWP | Queen's Gambit (Factory New),50461,50461,39786
★ Kukri Knife | Blue Steel (Minimal Wear),16191,17830,13359
★ Gut Knife | Slaughter (Factory New),22261,22261,18397
USP-S | Printstream (Factory New),21724,21724,16200
M4A1-S | Party Animal (Minimal Wear),3889,4165,2741
M4A4 | Desolate Space (Well-Worn),2111,2111,1622
★ Driver Gloves | Overtake (Battle-Scarred),8432,9485,6459
★ Flip Knife | Damascus Steel (Minimal Wear),23976,23976,19760
★ Ursus Knife | Ultraviolet (Minimal Wear),21370,21370,17029
AWP | Ice Coaled (Field-Tested),1422,1655,1099
★ Ursus Knife | Boreal Forest (Field-Tested),10118,10118,8240
★ Flip Knife | Scorched (Field-Tested),20763,20763,17103
AK-47 | Aphrodite (Factory New),99763,99763,78664
Ground Rebel  | Elite Crew,1692,1830,1231
★ Moto Gloves | Blood Pressure (Battle-Scarred),15646,15646,11772
★ Falchion Knife | Case Hardened (Well-Worn),26818,26818,21292
★ Survival Knife | Crimson Web (Minimal Wear),20493,20493,16000
★ Hand Wraps | Arboreal (Battle-Scarred),7982,8765,6387
★ Falchion Knife | Blue Steel (Minimal Wear),25944,25944,20781
★ Flip Knife | Tiger Tooth (Minimal Wear),47049,47049,45000
AK-47 | Orbit Mk01 (Field-Tested),5078,5269,3832
★ Survival Knife | Night Stripe (Field-Tested),8627,9612,7472
StatTrak™ M4A1-S | Vaporwave (Minimal Wear),35237,35237,29800
★ StatTrak™ Bayonet | Bright Water (Field-Tested),30186,30186,25499
AK-47 | Midnight Laminate (Factory New),3865,4076,2820
StatTrak™ AK-47 | Head Shot (Minimal Wear),8809,9439,7030
StatTrak™ M4A1-S | Chantico's Fire (Minimal Wear),27459,27459,22835
★ Flip Knife | Ultraviolet (Well-Worn),22127,22127,19695
★ Ursus Knife | Damascus Steel (Field-Tested),14655,15616,11497
★ Moto Gloves | Turtle (Battle-Scarred),10920,11801,8409
★ Shadow Daggers | Fade (Factory New),24789,24789,19982
★ StatTrak™ Nomad Knife | Case Hardened (Field-Tested),35388,35388,33000
★ Huntsman Knife | Black Laminate (Battle-Scarred),11244,12635,9362
Markus Delrow | FBI HRT,1505,1619,1130
★ Gut Knife | Lore (Minimal Wear),18174,18174,15798
★ Ursus Knife | Tiger Tooth (Minimal Wear),30599,30599,22835
★ Shadow Daggers | Lore (Minimal Wear),6731,13234,9070
StatTrak™ M4A1-S | Black Lotus (Field-Tested),2588,2837,2055
★ Flip Knife | Damascus Steel (Factory New),26573,26573,21123
★ Bowie Knife | Crimson Web (Field-Tested),18967,18967,16982
★ Bowie Knife | Lore (Battle-Scarred),13455,15726,10825
★ Kukri Knife | Crimson Web (Battle-Scarred),13718,15529,11500
★ Ursus Knife | Damascus Steel (Factory New),17655,17655,15529
★ StatTrak™ Bayonet | Fade (Factory New),85054,85054,65649
Desert Eagle | Mecha Industries (Minimal Wear),1452,1700,1129
★ Falchion Knife | Ultraviolet (Field-Tested),13552,14850,11231
★ StatTrak™ Stiletto Knife | Night Stripe (Field-Tested),29593,29593,17259
★ Stiletto Knife | Boreal Forest (Well-Worn),22303,22303,19058
★ Hand Wraps | Duct Tape (Battle-Scarred),8889,9819,6837
Osiris | Elite Crew,1665,1813,1225
★ Falchion Knife | Autotronic (Well-Worn),18129,18129,15197
Desert Eagle | Starcade (Minimal Wear),18556,19125,14366
AWP | Containment Breach (Minimal Wear),29784,29784,24549
★ Driver Gloves | Rezan the Red (Battle-Scarred),11765,12734,9247
M4A4 | Hellish (Minimal Wear),12949,13427,9748
★ Bayonet | Freehand (Well-Worn),32333,32333,19376
★ Stiletto Knife | Stained (Battle-Scarred),29838,29838,24486
Desert Eagle | Printstream (Factory New),14342,16104,11045
AK-47 | Cartel (Field-Tested),2864,3183,2158
StatTrak™ AK-47 | Inheritance (Factory New),55419,55419,44399
Desert Eagle | Starcade (Factory New),45364,45364,41332
M4A4 | Desolate Space (Minimal Wear),3952,4146,2900
AWP | Neo-Noir (Factory New),9868,11370,7912
AK-47 | Vulcan (Battle-Scarred),19607,19607,16000
★ StatTrak™ Skeleton Knife | Scorched (Field-Tested),26256,26256,21900
The Elite Mr. Muhlik | Elite Crew,1941,2105,1524
★ Shadow Daggers | Freehand (Minimal Wear),9155,10076,7714
CS:GO Weapon Case,22304,22304,18155
★ Shadow Daggers | Doppler Phase 3 (Factory New),23537,23537,13093
★ Shadow Daggers | Lore (Well-Worn),9270,10623,7665
★ Paracord Knife | Case Hardened (Field-Tested),17165,18825,15140
★ Gut Knife | Gamma Doppler Phase 1 (Factory New),30729,30729,16681
★ Flip Knife | Marble Fade (Minimal Wear),65073,65073,45670
AWP | Hyper Beast (Minimal Wear),9106,10104,7250
M4A1-S | Party Animal (Field-Tested),1653,1792,1177
★ StatTrak™ Paracord Knife | Slaughter (Minimal Wear),31621,31621,24444
★ Bowie Knife | Slaughter (Factory New),41127,44432,35931
M4A1-S | Cyrex (Factory New),36025,36025,28200
Glock-18 | AXIA (Minimal Wear),7593,8143,5710
★ Driver Gloves | Overtake (Well-Worn),9698,11024,7300
★ Falchion Knife | Autotronic (Factory New),31109,31109,23977
★ Flip Knife | Crimson Web (Battle-Scarred),30532,30532,26829
AK-47 | B the Monster (Battle-Scarred),12330,13931,10138
AWP | Atheris (Minimal Wear),1487,1630,1108
StatTrak™ AK-47 | Aquamarine Revenge (Minimal Wear),31923,31923,24811
★ StatTrak™ Bowie Knife | Tiger Tooth (Factory New),31869,31869,26754
★ Paracord Knife | Night Stripe (Field-Tested),8772,10076,6946
USP-S | Printstream (Well-Worn),6815,7651,5546
AWP | The End (Minimal Wear),5139,5139,3727
M4A4 | Full Throttle (Factory New),38271,38271,30786
★ Classic Knife | Case Hardened (Minimal Wear),30963,30963,24647
★ Specialist Gloves | Buckshot (Well-Worn),8911,9641,8000
★ StatTrak™ Flip Knife | Crimson Web (Field-Tested),38542,38542,32184
★ Flip Knife | Blue Steel (Well-Worn),27600,27600,22278
★ Paracord Knife | Boreal Forest (Field-Tested),8120,8970,6683
M4A4 | Neo-Noir (Minimal Wear),10010,10010,7616
★ Flip Knife | Scorched (Battle-Scarred),20631,20631,16608
AWP | Printstream (Factory New),41984,41984,33277
AK-47 | Nightwish (Minimal Wear),12234,14277,10273
Glock-18 | Shinobu (Minimal Wear),1601,1900,1248
★ Bayonet | Damascus Steel (Well-Worn),32840,32840,38819
★ StatTrak™ Skeleton Knife | Blue Steel (Well-Worn),48345,48345,33718
★ Huntsman Knife | Bright Water (Factory New),13929,16192,11500
M4A4 | Full Throttle (Battle-Scarred),4826,5586,3643
★ Classic Knife | Case Hardened (Battle-Scarred),21379,21379,16323
★ Flip Knife | Blue Steel (Minimal Wear),33239,33239,26260
★ Survival Knife | Boreal Forest (Field-Tested),7801,8636,6216
★ Hydra Gloves | Emerald (Minimal Wear),9690,10104,8000
StatTrak™ M4A4 | 龍王 (Dragon King) (Factory New),18366,18366,14126
★ Flip Knife | Lore (Battle-Scarred),29338,29338,21500
★ Paracord Knife | Blue Steel (Field-Tested),13151,14391,10886
★ Survival Knife | Scorched (Field-Tested),8161,9097,6500
★ Huntsman Knife | Crimson Web (Field-Tested),19193,19193,15969
AK-47 | Neon Revolution (Minimal Wear),20639,20639,16580
USP-S | Jawbreaker (Minimal Wear),1169,1381,925
StatTrak™ M4A4 | Neo-Noir (Field-Tested),7105,7701,5200
Desert Eagle | Midnight Storm (Factory New),35778,35778,27631
★ StatTrak™ Paracord Knife | Fade (Factory New),35363,35363,28000
StatTrak™ AK-47 | Nightwish (Minimal Wear),13828,15341,10967
★ Hydra Gloves | Case Hardened (Battle-Scarred),11083,12911,8756
★ Flip Knife | Boreal Forest (Field-Tested),19682,19682,16442
★ StatTrak™ Survival Knife | Slaughter (Minimal Wear),27511,27511,21000
M4A1-S | Golden Coil (Battle-Scarred),8978,10549,7622
3rd Commando Company | KSK,2144,2267,1738
AK-47 | Neon Revolution (Field-Tested),19636,19636,15194
★ Classic Knife | Crimson Web (Battle-Scarred),25009,25009,23520
★ Bowie Knife | Black Laminate (Battle-Scarred),9600,10636,7920
★ Gut Knife | Ultraviolet (Field-Tested),9813,11081,7878
Sticker | Crown (Foil),68828,68828,49999
★ StatTrak™ Falchion Knife | Freehand (Minimal Wear),19398,19398,14700
★ Bowie Knife | Freehand (Factory New),15668,16678,12329
Seal Team 6 Soldier | NSWC SEAL,1882,2039,1346
★ Flip Knife | Night (Minimal Wear),30425,30425,28315
★ Bayonet | Night (Battle-Scarred),23386,23386,21990
★ Falchion Knife | Autotronic (Battle-Scarred),17214,18652,13942
★ Paracord Knife | Stained (Field-Tested),9819,11318,8036
StatTrak™ AK-47 | Nightwish (Factory New),29551,29551,22613
StatTrak™ AWP | Asiimov (Field-Tested),44734,44734,35451
★ Gut Knife | Bright Water (Field-Tested),9237,10429,7907
★ Survival Knife | Safari Mesh (Field-Tested),7557,8512,6022
★ Falchion Knife | Ultraviolet (Minimal Wear),20026,20026,17246
★ StatTrak™ Falchion Knife | Lore (Minimal Wear),25935,25935,23977
AK-47 | Nouveau Rouge (Well-Worn),1391,1518,990
Desert Eagle | Crimson Web (Field-Tested),2114,2189,1552
★ StatTrak™ M9 Bayonet | Crimson Web (Field-Tested),87767,87767,86586
★ Classic Knife | Blue Steel (Minimal Wear),23271,23271,19540
StatTrak™ AK-47 | Slate (Field-Tested),2602,2960,1925
StatTrak™ USP-S | Printstream (Field-Tested),12053,13528,9316
AK-47 | Nightwish (Factory New),21615,21615,17445
M4A4 | Asiimov (Well-Worn),23283,23283,17668
★ Broken Fang Gloves | Needle Point (Battle-Scarred),8823,10070,6904
★ Kukri Knife | Blue Steel (Battle-Scarred),13825,14953,10500
★ Flip Knife | Boreal Forest (Minimal Wear),20304,20304,17034
★ Flip Knife | Stained (Minimal Wear),23068,23068,20038
Desert Eagle | Kumicho Dragon (Minimal Wear),5346,5901,4021
StatTrak™ AK-47 | Head Shot (Well-Worn),4466,4824,3560
StatTrak™ AWP | Asiimov (Well-Worn),32017,32017,25376
★ Huntsman Knife | Ultraviolet (Minimal Wear),18599,18599,15591
★ Moto Gloves | POW! (Battle-Scarred),10089,11208,8100
StatTrak™ M4A1-S | Player Two (Field-Tested),10674,11495,7994
★ StatTrak™ Bowie Knife | Lore (Field-Tested),19073,19073,13786
StatTrak™ M4A4 | Buzz Kill (Field-Tested),19108,19108,15000
★ Moto Gloves | POW! (Well-Worn),14277,15973,11459
StatTrak™ AK-47 | Legion of Anubis (Minimal Wear),8596,10347,6955
★ StatTrak™ Kukri Knife,19746,19746,14499
★ Gut Knife | Autotronic (Minimal Wear),20844,20844,17176
AK-47 | Blue Laminate (Field-Tested),2769,3038,2047
Elite Trapper Solman | Guerrilla Warfare,6560,7024,4924
StatTrak™ AWP | Man-o'-war (Minimal Wear),21191,21191,18871
AWP | Wildfire (Factory New),35683,35683,28544
★ Broken Fang Gloves | Unhinged (Battle-Scarred),9580,10650,7208
★ Hand Wraps | Desert Shamagh (Battle-Scarred),7913,8805,6159
★ Falchion Knife | Doppler Ruby (Factory New),130968,130968,72781
StatTrak™ M4A1-S | Vaporwave (Factory New),60988,60988,45385
★ Paracord Knife | Safari Mesh (Field-Tested),7528,8620,6129
★ Gut Knife | Rust Coat (Battle-Scarred),8283,9629,6890
★ Flip Knife | Lore (Well-Worn),31628,31628,27918
★ StatTrak™ Bayonet | Urban Masked (Field-Tested),26526,26526,20274
★ Hand Wraps | Constrictor (Well-Worn),8975,9817,7130
Buckshot | NSWC SEAL,1196,1296,883
StatTrak™ AWP | BOOM (Minimal Wear),40516,40516,29066
★ Bayonet | Boreal Forest (Well-Worn),23310,23310,18494
M4A1-S | Party Animal (Factory New),9611,10515,7137
★ Hand Wraps | Giraffe (Battle-Scarred),7947,8896,6387
AK-47 | The Outsiders (Field-Tested),1254,1254,971
★ StatTrak™ Kukri Knife | Case Hardened (Field-Tested),23143,23143,18494
★ Stiletto Knife | Night Stripe (Minimal Wear),28616,28616,25166
★ Gut Knife | Black Laminate (Field-Tested),9818,11030,8199
★ Falchion Knife | Blue Steel (Field-Tested),22511,22511,19202
USP-S | Whiteout (Minimal Wear),25472,25472,19981
★ Ursus Knife | Safari Mesh (Field-Tested),9589,10908,7920
AK-47 | Slate (Factory New),3263,3496,2427
★ StatTrak™ Flip Knife | Ultraviolet (Field-Tested),24916,24916,20552
★ Huntsman Knife | Blue Steel (Minimal Wear),27669,27669,21141
Glock-18 | AXIA (Field-Tested),5840,6449,4542
★ Navaja Knife,7692,8546,5950
StatTrak™ AK-47 | Nightwish (Field-Tested),10395,10395,8448
★ StatTrak™ Huntsman Knife | Marble Fade (Factory New),47471,47471,42797
StatTrak™ M4A1-S | Cyrex (Field-Tested),27781,27781,22000
★ Hand Wraps | Constrictor (Battle-Scarred),8392,10076,7100
★ StatTrak™ Huntsman Knife | Lore (Minimal Wear),24358,24358,22002
★ Falchion Knife | Case Hardened (Minimal Wear),36214,36214,31466
Desert Eagle | Printstream (Well-Worn),6591,7484,5079
StatTrak™ AK-47 | Legion of Anubis (Field-Tested),6566,8176,5056
Desert Eagle | Night Heist (Factory New),31586,31586,23954
★ StatTrak™ Flip Knife | Night (Field-Tested),23767,23767,20413
M4A1-S | Black Lotus (Factory New),2868,3110,2216
AK-47 | Crane Flight (Battle-Scarred),1622,1622,1170
★ StatTrak™ Flip Knife | Freehand (Field-Tested),23824,23824,20704
★ StatTrak™ Falchion Knife | Freehand (Factory New),20892,20892,21257
AK-47 | Redline (Well-Worn),4637,5297,3608
★ Moto Gloves | Finish Line (Well-Worn),15127,16363,12561
AK-47 | Wasteland Rebel (Minimal Wear),18361,18361,13498
★ Flip Knife | Safari Mesh (Battle-Scarred),18817,18817,15159
B Squadron Officer | SAS,1823,1915,1302
★ Kukri Knife | Boreal Forest (Minimal Wear),9256,9256,7400
★ StatTrak™ Bayonet | Black Laminate (Well-Worn),34734,34734,26189
★ StatTrak™ Kukri Knife | Case Hardened (Minimal Wear),28894,28894,23809
★ Ursus Knife | Scorched (Field-Tested),11000,12320,8687
AWP | Fever Dream (Minimal Wear),2601,2896,1991
M4A1-S | Dark Water (Minimal Wear),20677,20677,15969
StatTrak™ AWP | Redline (Minimal Wear),25589,25589,22052
AWP | Containment Breach (Well-Worn),9431,10435,7130
StatTrak™ M4A4 | In Living Color (Field-Tested),5675,6232,4509
StatTrak™ AK-47 | Ice Coaled (Field-Tested),1771,1771,1406
StatTrak™ AWP | Asiimov (Battle-Scarred),24249,24249,21993
★ Bayonet | Bright Water (Battle-Scarred),27993,27993,17455
'Medium Rare' Crasswater | Guerrilla Warfare,5026,5026,3727
★ Stiletto Knife | Blue Steel (Factory New),62181,62181,57772
★ StatTrak™ Ursus Knife | Ultraviolet (Field-Tested),18068,18068,16520
★ Shadow Daggers | Autotronic (Minimal Wear),10197,11453,7994
AK-47 | Cartel (Minimal Wear),3893,4319,3033
★ StatTrak™ Bowie Knife | Lore (Minimal Wear),26127,26127,22500
★ StatTrak™ Bayonet | Night (Field-Tested),30595,30595,17607
1st Lieutenant Farlow | SWAT,1730,1866,1389
AK-47 | Blue Laminate (Minimal Wear),2944,3196,2196
M4A4 | Hellfire (Factory New),91003,91003,79232
MAC-10 | Neon Rider (Minimal Wear),19347,19347,15836
★ Falchion Knife | Forest DDPAT (Field-Tested),10655,11915,8875
★ Bowie Knife | Black Laminate (Minimal Wear),11139,12173,8898
★ StatTrak™ Skeleton Knife | Scorched (Minimal Wear),35091,35091,26450
★ Flip Knife | Forest DDPAT (Well-Worn),19326,19326,19695
★ Bowie Knife | Black Laminate (Well-Worn),5303,10796,7500
StatTrak™ M4A1-S | Black Lotus (Minimal Wear),3961,4463,2938
AK-47 | Frontside Misty (Factory New),24408,24408,19818
★ Ursus Knife | Blue Steel (Minimal Wear),18711,18711,15798
★ Falchion Knife | Safari Mesh (Field-Tested),10397,11341,7994
★ Falchion Knife | Boreal Forest (Field-Tested),10960,12449,8942
★ StatTrak™ Nomad Knife | Boreal Forest (Minimal Wear),20891,20891,19014
StatTrak™ Desert Eagle | Cobalt Disruption (Factory New),33983,33983,31397
Blackwolf | Sabre,1452,1583,1099
USP-S | The Traitor (Minimal Wear),10295,10295,7994
AWP | Green Energy (Factory New),8277,13099,9953
★ Stiletto Knife | Damascus Steel (Battle-Scarred),33861,33861,25710
StatTrak™ AWP | Wildfire (Minimal Wear),27509,27509,20823
★ Hand Wraps | Duct Tape (Well-Worn),9152,10534,7461
★ Gut Knife | Case Hardened (Minimal Wear),22664,22664,18269
★ Classic Knife | Night Stripe (Minimal Wear),17692,17692,15171
★ Bowie Knife | Damascus Steel (Field-Tested),13679,15255,10891
★ Hand Wraps | Arboreal (Well-Worn),8683,9743,6756
AK-47 | Orbit Mk01 (Factory New),27136,27136,19639
★ Bowie Knife | Case Hardened (Field-Tested),27005,27005,21973
AK-47 | Phantom Disruptor (Field-Tested),934,1064,698
M4A1-S | Solitude (Minimal Wear),835,920,612
★ Bayonet | Stained (Battle-Scarred),26093,26093,21948
★ Huntsman Knife | Blue Steel (Field-Tested),22755,22755,18800
AWP | Exothermic (Minimal Wear),1306,1410,1000
Enforcer | Phoenix,1044,1068,786
StatTrak™ MP5-SD | Agent (Field-Tested),224,224,190
Sticker | Astralis (Foil) | Atlanta 2017,17214,17214,16680
"Sticker | w0nderful (Gold, Champion) | Copenhagen 2024",623,707,584
Sticker | w0nderful (Foil) | Austin 2025,14,14,9
Sticker Slab | Cypher (Holo) | Paris 2023,2500,2500,296
Sticker | jks | Shanghai 2024,31,31,17
StatTrak™ M249 | System Lock (Minimal Wear),146,146,131
StatTrak™ MAC-10 | Aloha (Field-Tested),830,830,706
Sticker | Econometer (Lenticular),385,456,382
Sticker Slab | TeSeS (Holo) | Budapest 2025,576,576,312
Sticker | FURIA (Foil) | Stockholm 2021,221,247,149
Souvenir Zeus x27 | Charged Up (Field-Tested),853,853,511
★ Huntsman Knife | Case Hardened (Battle-Scarred),28697,28697,24300
Glock-18 | Catacombs (Battle-Scarred),168,220,112
StatTrak™ Sawed-Off | Fubar (Well-Worn),1015,1015,890
StatTrak™ Glock-18 | Oxide Blaze (Factory New),512,570,336
StatTrak™ SCAR-20 | Cardiac (Minimal Wear),3171,3171,2657
Sticker Slab | GamerLegion (Gold) | Rio 2022,2255,2255,1635
Sticker | adamS (Holo) | Copenhagen 2024,373,380,368
Desert Eagle | Night Heist (Well-Worn),4731,4731,3562
Dual Berettas | Emerald (Factory New),7377,8504,6659
UMP-45 | Crime Scene (Field-Tested),13495,13495,12331
Sticker | Master Guardian Elite,21,21,24
Sticker Slab | stanislaw | Katowice 2019,2500,2500,616
★ Huntsman Knife | Forest DDPAT (Field-Tested),11607,11607,8771
Zeus x27 | Tosai (Factory New),296,334,287
Sticker | Brollan (Holo) | Budapest 2025,38,38,26
Sticker | autimatic | London 2018,137,137,96
★ Specialist Gloves | Tiger Strike (Factory New),210037,210037,108108
P250 | Bullfrog (Field-Tested),21,21,17
AWP | The End (Field-Tested),3011,3211,2143
M4A1-S | Rose Hex (Battle-Scarred),29,29,23
Sticker | aizy | Boston 2018,279,289,208
StatTrak™ AWP | Containment Breach (Minimal Wear),52940,52940,44714
P250 | Iron Clad (Battle-Scarred),61,61,60
Sealed Graffiti | Natus Vincere | Krakow 2017,503,503,394
Sticker | TaZ | Cologne 2015,503,503,512
AWP | Sun in Leo (Factory New),16018,16018,12243
StatTrak™ P90 | Randy Rush (Battle-Scarred),184,184,140
StatTrak™ P2000 | Imperial Dragon (Field-Tested),1750,2014,1322
★ Driver Gloves | Racing Green (Minimal Wear),10598,11081,7798
AWP | Pink DDPAT (Field-Tested),4840,5683,3738
StatTrak™ PP-Bizon | Antique (Well-Worn),1699,1699,1028
Sticker Slab | apEX | Antwerp 2022,2499,2499,98
G3SG1 | Arctic Camo (Field-Tested),7197,7197,3831
AUG | Aristocrat (Battle-Scarred),176,176,153
UMP-45 | Wild Child (Field-Tested),386,726,477
Sticker | ScreaM | Cologne 2015,5455,5455,2100
USP-S | Check Engine (Well-Worn),147,147,115
StatTrak™ Glock-18 | Water Elemental (Well-Worn),4590,4590,3698
USP-S | Lead Conduit (Field-Tested),90,171,143
Sticker | Bad News Eagles (Gold) | Antwerp 2022,306,325,231
Sticker Slab | Senzu (Holo) | Budapest 2025,317,317,195
Sticker Slab | The Awper,540,540,245
Sticker | NQZ (Gold) | Budapest 2025,203,203,187
XM1014 | Canvas Cloud (Factory New),8,8,6
StatTrak™ AUG | Tom Cat (Factory New),230,249,174
★ Ursus Knife | Crimson Web (Field-Tested),23148,23148,19770
StatTrak™ Dual Berettas | Marina (Factory New),10170,11499,7929
Sticker | aizy (Foil) | Atlanta 2017,7640,7640,3115
M4A4 | Turbine (Well-Worn),117,283,177
★ Talon Knife | Urban Masked (Well-Worn),41120,41120,31850
AK-47 | Leet Museo (Factory New),124614,126561,100050
StatTrak™ MP7 | Nemesis (Factory New),5150,5628,4087
★ Talon Knife | Forest DDPAT (Field-Tested),39009,39009,31184
XM1014 | Ziggy (Factory New),603,603,483
Sticker | jkaem (Gold) | London 2018,43157,43157,23176
Sticker Slab | drop | Shanghai 2024,323,323,34254
MP9 | Dart (Well-Worn),260,260,133
Sticker | MOUZ (Foil) | Austin 2025,19,19,11
Sticker Slab | Aeldari 1,2493,2493,2
Sticker Slab | Twistzz | Antwerp 2022,2499,2499,2
Sticker | mopoz (Gold) | Copenhagen 2024,241,241,262
R8 Revolver | Canal Spray (Factory New),5757,5757,2530
★ Broken Fang Gloves | Yellow-banded (Well-Worn),8966,10347,7537
Nova | Clear Polymer (Well-Worn),525,525,440
"StatTrak™ Music Kit | Austin Wintory, Desert Fire",934,996,743
★ Huntsman Knife | Slaughter (Field-Tested),34056,34056,36530
StatTrak™ MP9 | Food Chain (Minimal Wear),2572,2808,1920
StatTrak™ MP5-SD | Gauss (Well-Worn),103,103,80
Galil AR | Akoben (Minimal Wear),93,93,74
StatTrak™ Tec-9 | Ice Cap (Battle-Scarred),101,101,73
Sticker | Hobbit (Foil) | Boston 2018,1195,1195,1012
Sticker | keshandr | Krakow 2017,1815,1815,1257
Sticker | xccurate (Foil) | London 2018,980,980,955
StatTrak™ Glock-18 | Bunsen Burner (Factory New),1663,1663,1255
★ Butterfly Knife | Lore (Battle-Scarred),100946,106487,79847
Sticker | jdm64 | Cologne 2015,2820,2820,783
★ Falchion Knife | Stained (Minimal Wear),17427,19397,14900
StatTrak™ MP7 | Cirrus (Factory New),1361,1361,989
Sticker Slab | Hello MP9 (Gold),4860,4860,2
MP5-SD | Acid Wash (Field-Tested),242,242,176
StatTrak™ Five-SeveN | Hyper Beast (Minimal Wear),57561,57561,40500
Sticker | History (Gold) | Paris 2023,203,203,141
Sticker | Luminosity Gaming | MLG Columbus 2016,3062,3062,2396
Sticker | n1ssim (Holo) | Budapest 2025,374,374,365
Sticker | Complexity Gaming (Gold) | Antwerp 2022,484,547,408
★ StatTrak™ Classic Knife | Fade (Factory New),59177,62094,56355
Negev | Palm (Battle-Scarred),2736,2736,648
Sticker | The Spartan,47,47,36
StatTrak™ PP-Bizon | Fuel Rod (Minimal Wear),686,735,566
Sticker | k0nfig (Holo) | Paris 2023,42,42,32
Souvenir PP-Bizon | Chemical Green (Battle-Scarred),488,488,253
Sticker Slab | EliGE (Holo) | Austin 2025,422,422,230
★ Huntsman Knife | Freehand (Battle-Scarred),13420,13420,9846
★ Talon Knife | Blue Steel (Well-Worn),69077,71689,57916
UMP-45 | Oscillator (Field-Tested),40,40,38
Sticker | nicoodoz (Holo) | Antwerp 2022,149,149,93
★ Specialist Gloves | Crimson Kimono (Minimal Wear),506500,506500,277396
Sticker | Cyber Chicken (Holo),83,83,60
R8 Revolver | Banana Cannon (Minimal Wear),158,158,126
Tec-9 | Jambiya (Field-Tested),145,145,116
★ StatTrak™ Stiletto Knife | Scorched (Battle-Scarred),31656,31656,17090
StatTrak™ M4A1-S | Vaporwave (Battle-Scarred),15360,17191,11726
Five-SeveN | Midnight Paintover (Minimal Wear),16,16,8
Souvenir Desert Eagle | Tilted (Minimal Wear),348,348,198
Sticker | Flash Gaming (Foil) | Boston 2018,12890,12890,10000
StatTrak™ SCAR-20 | Enforcer (Field-Tested),158,232,134
★ Hydra Gloves | Mangrove (Well-Worn),6261,6261,4900
Sticker | felps | Boston 2018,226,268,196
Sticker | v$m (Gold) | Paris 2023,438,438,375
PP-Bizon | Blue Streak (Well-Worn),712,808,421
Sticker | Team Liquid | Stockholm 2021,14,14,8
★ StatTrak™ Classic Knife | Night Stripe (Battle-Scarred),24464,24464,12736
R8 Revolver | Dark Chamber (Field-Tested),6,6,4
Sticker Slab | Joan,2499,2499,89
★ StatTrak™ Paracord Knife | Slaughter (Factory New),39949,39949,26896
Sticker | Golden | Katowice 2019,199,199,155
StatTrak™ FAMAS | Survivor Z (Field-Tested),184,184,131
"Sticker | iM (Gold, Champion) | Copenhagen 2024",368,420,292
StatTrak™ UMP-45 | Wild Child (Factory New),3294,3294,2650
★ Ursus Knife | Stained (Field-Tested),14674,14674,13000
StatTrak™ MP7 | Powercore (Minimal Wear),1030,1383,765
Sticker | Twistzz (Gold) | Austin 2025,1063,1182,1097
P2000 | Urban Hazard (Factory New),459,459,403
StatTrak™ Galil AR | Sugar Rush (Minimal Wear),21871,21871,11862
"Sticker | rain (Holo, Champion) | Antwerp 2022",346,366,266
Masterminds Music Kit Box,730,730,593
Souvenir MAC-10 | Pipsqueak (Minimal Wear),374,374,215
Sticker Slab | electroNic (Gold) | Stockholm 2021,23024,23024,17500
Sticker Slab | Phoenix Reborn,190,190,163
StatTrak™ P250 | Ripple (Well-Worn),76,76,52
Sticker | Ork Waaagh!,32,32,23
StatTrak™ PP-Bizon | Lumen (Field-Tested),184,196,157
Sticker | pashaBiceps | Cologne 2016,2877,2877,1613
Sticker | Techno4K (Gold) | Antwerp 2022,403,403,202
FAMAS | Prime Conspiracy (Minimal Wear),13732,15772,10604
★ StatTrak™ Butterfly Knife | Black Laminate (Field-Tested),127686,130950,92000
Patch | Rage,739,739,613
Sticker Slab | apEX (Gold) | Austin 2025,3196,3196,2
Sticker Slab | LUCAS1 (Foil) | Berlin 2019,3709,3709,549
StatTrak™ Negev | Power Loader (Battle-Scarred),346,346,269
Sticker | Twistzz (Glitter) | Antwerp 2022,37,37,25
Sticker Slab | Inquisition,3709,3709,2
Sticker | Team Liquid (Holo) | Antwerp 2022,554,1081,922
Sticker | tarik | Cologne 2016,8607,8607,3672
★ Bowie Knife | Freehand (Battle-Scarred),12054,12054,10502
StatTrak™ P90 | Desert Warfare (Minimal Wear),843,843,503
USP-S | Bleeding Edge (Minimal Wear),657,657,484
StatTrak™ Five-SeveN | Violent Daimyo (Factory New),753,808,540
★ StatTrak™ Talon Knife | Rust Coat (Well-Worn),74830,74830,35058
AWP | Duality (Minimal Wear),957,1134,760
StatTrak™ G3SG1 | Demeter (Minimal Wear),1208,1872,916
Sticker | Team LDLC.com | DreamHack 2014,8742,8742,7399
★ Bloodhound Gloves | Bronzed (Field-Tested),50402,52613,41095
"Sticker | zont1x (Gold, Champion) | Shanghai 2024",528,576,454
Sticker | Pink Jaggyfish,278,289,248
M4A1-S | Stratosphere (Field-Tested),933,933,705
Sticker Slab | TeSeS (Glitter) | Antwerp 2022,2499,2499,73
★ StatTrak™ Bowie Knife | Ultraviolet (Field-Tested),14224,14224,12788
Sticker Slab | hades (Foil) | Austin 2025,2470,2470,2
StatTrak™ M4A4 | 龍王 (Dragon King) (Well-Worn),11455,11455,5791
StatTrak™ SSG 08 | Necropos (Battle-Scarred),129,129,103
Sticker | Nice Shot,292,292,241
SSG 08 | Calligrafaux (Factory New),281,317,207
★ Butterfly Knife | Blue Steel (Minimal Wear),171206,171206,148357
Sticker | Forester (Gold) | Berlin 2019,5757,5757,5000
Souvenir AK-47 | Green Laminate (Minimal Wear),3743,3743,2427
Sticker | T Rush (Holo),245,245,185
Sticker | Fnatic (Foil) | Katowice 2015,21012,21012,12653
★ Flip Knife | Black Laminate (Minimal Wear),25145,27487,21303
Five-SeveN | Midnight Paintover (Battle-Scarred),7,7,6
StatTrak™ AUG | Stymphalian (Factory New),2287,2592,1887
Dual Berettas | Marina (Field-Tested),1125,1239,904
StatTrak™ M249 | Aztec (Factory New),791,791,600
"StatTrak™ Music Kit | Killer Mike, MICHAEL",4131,4233,3047
Desert Eagle | Ocean Drive (Factory New),69287,71894,56975
★ Bowie Knife | Forest DDPAT (Battle-Scarred),10325,13798,7903
Desert Eagle | Code Red (Factory New),35969,35969,33650
Souvenir AWP | Dragon Lore (Factory New),2503854,2503854,1298351
M4A1-S | Leaded Glass (Minimal Wear),1781,2054,1407
Sticker Slab | EliGE (Foil) | Katowice 2019,1440,1440,3577
Sticker | Ethan (Gold) | Katowice 2019,35171,35171,19066
★ Nomad Knife | Boreal Forest (Battle-Scarred),14202,15831,12026
StatTrak™ Nova | Ranger (Field-Tested),77,77,59
P90 | Freight (Factory New),160,160,130
StatTrak™ Tec-9 | Bamboozle (Well-Worn),342,363,204
★ Shadow Daggers | Damascus Steel (Minimal Wear),8906,8906,7423
Sticker | Luminosity Gaming (Holo) | MLG Columbus 2016,16325,16325,11940
Glock-18 | Pink DDPAT (Well-Worn),3270,3270,1989
★ Nomad Knife | Fade (Minimal Wear),59598,59598,45557
Rio 2022 Overpass Souvenir Package,865,870,663
StatTrak™ P2000 | Wicked Sick (Well-Worn),481,568,397
"Sticker | Aleksib (Holo, Champion) | Copenhagen 2024",145,145,111
FAMAS | Half Sleeve (Battle-Scarred),8,8,8
StatTrak™ Sawed-Off | Highwayman (Factory New),2447,2447,1600
StatTrak™ Nova | Antique (Field-Tested),3092,3092,1829
Operation Hydra Access Pass,4512,4512,3363
Souvenir Glock-18 | Ramese's Reach (Factory New),25285,25285,19719
StatTrak™ XM1014 | Entombed (Factory New),1663,1663,1313
P250 | Apep's Curse (Minimal Wear),16078,17271,14181
Dual Berettas | Shred (Well-Worn),59,59,40
Sticker | NiKo (Glitter) | Paris 2023,63,63,48
Souvenir Dual Berettas | Briar (Minimal Wear),445,445,307
★ Skeleton Knife | Boreal Forest (Minimal Wear),23906,23906,18558
StatTrak™ Tec-9 | Decimator (Minimal Wear),14894,14894,11871
StatTrak™ M249 | Hypnosis (Battle-Scarred),33,33,25
M4A4 | Cyber Security (Factory New),33415,33415,25675
AK-47 | Jungle Spray (Battle-Scarred),1286,1697,955
Souvenir XM1014 | Bone Machine (Field-Tested),2158,2155,1369
Sticker | tiziaN | London 2018,198,258,110
StatTrak™ Sawed-Off | Orange DDPAT (Well-Worn),5470,5470,2340
USP-S | Royal Guard (Factory New),1507,1507,1073
Sticker Slab | adamS (Holo) | Copenhagen 2024,19154,19154,10383
Sticker | electronic (Foil) | Boston 2018,1872,1872,1133
M4A1-S | Blue Phosphor (Minimal Wear),141009,141009,153697
M249 | Spectre (Battle-Scarred),62,62,49
Galil AR | Cerberus (Field-Tested),6295,6295,4790
AK-47 | Vulcan (Well-Worn),25591,27584,20440
Glock-18 | Red Tire (Minimal Wear),618,622,440
★ StatTrak™ Falchion Knife | Bright Water (Factory New),19872,19872,16400
MP9 | Airlock (Minimal Wear),2218,2411,1799
★ Karambit | Autotronic (Battle-Scarred),134316,143268,100000
SSG 08 | Turbo Peek (Well-Worn),3278,3278,2283
StatTrak™ M249 | Nebula Crusader (Field-Tested),485,485,337
AUG | Colony (Field-Tested),678,678,262
Sticker | NEO | Atlanta 2017,834,834,491
Sticker | Xizt | Cologne 2015,342,359,288
★ Butterfly Knife | Ultraviolet (Well-Worn),108616,108616,59469
Sticker | ScreaM | MLG Columbus 2016,14391,14391,12634
Nova | Yorkshire (Minimal Wear),118,118,101
Charm | Lil' Monster,865,865,621
AWP | Silk Tiger (Battle-Scarred),51777,51777,20030
CZ75-Auto | Copper Fiber (Factory New),83,83,66
M4A4 | Choppa (Battle-Scarred),12,12,10
Sticker | Aleksib (Holo) | Copenhagen 2024,172,172,146
Sticker | Camper (Foil),635,635,289
Sticker | SunPayus (Gold) | Budapest 2025,488,488,256
Sticker | Phoenix Balaclava Co. (Holo),209,209,195
Sticker | kRaSnaL (Gold) | Paris 2023,157,157,138
Sticker Slab | FaZe Clan | Antwerp 2022,545,545,97
"StatTrak™ Music Kit | Juelz, Shooters",222,222,168
Sticker Slab | Hippocamp,315,315,73
M249 | Gator Mesh (Factory New),37,37,32
★ Stiletto Knife | Doppler Phase 4 (Minimal Wear),109351,109351,63046
StatTrak™ XM1014 | Seasons (Well-Worn),537,663,393
AUG | Plague (Minimal Wear),349,349,316
★ Gut Knife | Stained (Battle-Scarred),10218,10218,7792
StatTrak™ P250 | Contaminant (Factory New),500,500,383
Sticker | Grim (Glitter) | Copenhagen 2024,11,11,7
★ M9 Bayonet | Scorched (Well-Worn),56277,56277,32123
Sticker | qikert (Glitter) | Antwerp 2022,29,29,19
★ Specialist Gloves | Lime Polycam (Field-Tested),69002,69002,50600
Sticker | DJ Safecracker (Lenticular),415,462,336
UMP-45 | Riot (Minimal Wear),90,90,75
Sticker | Zeus | Katowice 2019,76,76,59
Tec-9 | Toxic (Minimal Wear),3655,3655,2398
Sticker Slab | nicoodoz | Paris 2023,2500,2500,70
MP7 | Armor Core (Minimal Wear),89,89,72
★ M9 Bayonet | Bright Water (Battle-Scarred),58689,63302,34132
Desert Eagle | Directive (Minimal Wear),1373,1373,1104
Five-SeveN | Nitro (Well-Worn),7484,7484,3672
M249 | Bock Blocks (Battle-Scarred),12,12,11
Sticker Slab | siuhy (Glitter) | Copenhagen 2024,2500,2500,2
★ Bayonet | Doppler Phase 2 (Minimal Wear),115106,115106,59378
★ StatTrak™ Ursus Knife | Safari Mesh (Field-Tested),11309,16965,9990
XM1014 | Elegant Vines (Factory New),6564,6564,4487
CZ75-Auto | Pole Position (Battle-Scarred),176,176,126
★ StatTrak™ M9 Bayonet | Black Laminate (Field-Tested),100575,100575,49787
FAMAS | Roll Cage (Well-Worn),17893,21371,14000
StatTrak™ PP-Bizon | Fuel Rod (Field-Tested),328,328,354
MAC-10 | Strats (Well-Worn),210,439,154
Sticker | G2 Esports (Holo) | Paris 2023,192,266,197
Sticker | TACO (Gold) | Rio 2022,2493,2493,2474
Sticker Slab | k0nfig | Krakow 2017,4860,4860,2
StatTrak™ AK-47 | Point Disarray (Battle-Scarred),5153,5153,4101
Sealed Graffiti | Denied (Desert Amber),32,32,37
Souvenir Charm | Austin 2025 Highlight | Own Fire,260,260,112
StatTrak™ MAC-10 | Heat (Field-Tested),1007,1172,720
Sticker | qikert (Glitter) | Rio 2022,216,279,124
FAMAS | 2A2F (Minimal Wear),272,276,219
★ Falchion Knife | Bright Water (Factory New),15164,15164,12559
StatTrak™ USP-S | PC-GRN (Well-Worn),35,35,27
Sticker | zevy (Gold) | Paris 2023,148,148,133
StatTrak™ AK-47 | Vulcan (Battle-Scarred),34796,42243,27787
M249 | Magma (Field-Tested),266,266,200
Sealed Graffiti | Puke (Wire Blue),51,51,70
Sticker | chrisJ (Gold) | Berlin 2019,5166,5166,1995
Souvenir Sawed-Off | Brake Light (Minimal Wear),1001,1001,339
Souvenir Nova | Interlock (Battle-Scarred),1296,1296,681
★ StatTrak™ Karambit | Freehand (Minimal Wear),111625,111625,60293
Sticker | fitch (Foil) | Katowice 2019,676,676,589
M4A1-S | Guardian (Factory New),15143,15143,11388
"Sticker Slab | ZywOo (Holo, Champion) | Austin 2025",346,346,176
P2000 | Turf (Battle-Scarred),84,84,72
XM1014 | Red Python (Well-Worn),865,865,443
Sticker | BUDA (Glitter) | Rio 2022,36,36,40
StatTrak™ MP5-SD | Kitbash (Well-Worn),99,99,73
Glock-18 | Groundwater (Factory New),19572,19572,15281
UMP-45 | Caramel (Field-Tested),1671,2246,1450
Souvenir M4A1-S | Welcome to the Jungle (Well-Worn),121165,121165,61025
Sticker | NRG | Berlin 2019,369,416,269
Sticker | Team Liquid (Foil) | Berlin 2019,361,361,330
★ Bowie Knife | Tiger Tooth (Minimal Wear),31631,31631,24486
SG 553 | Triarch (Factory New),1125,1125,881
Sticker | Renegades (Gold) | Stockholm 2021,692,779,623
★ StatTrak™ Paracord Knife | Crimson Web (Minimal Wear),30887,57532,24800
Tec-9 | Toxic (Field-Tested),2373,2793,1668
XM1014 | XOXO (Well-Worn),525,635,441
Sticker | forZe eSports (Foil) | Berlin 2019,302,302,269
Sticker | TeSeS | Stockholm 2021,46,46,38
Sticker | gla1ve | Krakow 2017,450,481,283
StatTrak™ MP9 | Broken Record (Field-Tested),43,43,32
Sticker | shox (Gold) | Berlin 2019,1953,1953,1730
Horizon Case Key,2546,2546,1812
★ Karambit | Fade (Minimal Wear),395683,395683,209526
StatTrak™ AK-47 | Blue Laminate (Field-Tested),6130,6815,4524
Sticker | Attacker (Foil) | Katowice 2019,802,876,674
MAC-10 | Disco Tech (Minimal Wear),1409,1409,1070
Sticker Slab | Tamara (Holo),519,519,351
G3SG1 | Ventilator (Field-Tested),41,41,31
P250 | Hive (Factory New),3730,3730,2843
Sticker Slab | ropz (Champion) | Budapest 2025,190,190,73
M4A4 | Temukau (Well-Worn),5239,6088,4396
Sticker | 3DMAX | Katowice 2015,13495,13495,9182
"StatTrak™ Music Kit | AWOLNATION, I Am",908,1117,753
StatTrak™ PP-Bizon | High Roller (Battle-Scarred),1483,1483,1199
PP-Bizon | Fuel Rod (Factory New),1262,1393,973
Sticker | Virtus.pro (Gold) | 2020 RMR,373,397,243
Sticker | Magisk (Gold) | Rio 2022,836,836,658
★ Specialist Gloves | Chocolate Chesterfield (Field-Tested),20970,22536,15986
StatTrak™ PP-Bizon | Night Riot (Field-Tested),23,23,15
Sticker Slab | MIBR (Holo) | Berlin 2019,3709,3709,483
CZ75-Auto | Twist (Field-Tested),189,226,128
AUG | Luxe Trim (Field-Tested),40,40,36
★ Karambit | Case Hardened (Minimal Wear),166925,169912,144432
Sticker Slab | FalleN | MLG Columbus 2016,4174,4174,6756
Berlin 2019 Legends Autograph Capsule,221,224,176
P90 | Reef Grief (Field-Tested),34,34,29
Sticker | freakazoid | Cologne 2015,716,716,920
Sticker | Fluxo (Holo) | Paris 2023,280,280,241
Sticker | Sherry (Holo),292,292,222
M4A4 | Global Offensive (Field-Tested),2758,3114,2443
AK-47 | Emerald Pinstripe (Battle-Scarred),248,408,293
Sticker | Titan (Holo) | Katowice 2015,91617,99566,86774
Sticker | Bubble Gum Skill Surf (Holo),1167,1351,794
Sticker | roeJ (Gold) | Rio 2022,1336,1336,519
Sticker Slab | buster (Holo) | Stockholm 2021,2493,2493,2
Sticker | Team Spirit (Gold) | Rio 2022,1025,1025,911
StatTrak™ P90 | Traction (Minimal Wear),162,162,138
★ Hand Wraps | Slaughter (Field-Tested),127267,127267,93998
★ Flip Knife | Autotronic (Minimal Wear),44026,45762,33718
Sticker | Digi-Strike (Lenticular),916,916,601
Sticker | Team SoloMid (Foil) | Cologne 2015,2730,2730,1188
★ StatTrak™ Huntsman Knife | Autotronic (Field-Tested),19689,21299,15525
Patch | Tyloo | Stockholm 2021,965,965,745
StatTrak™ USP-S | Cyrex (Minimal Wear),1581,1870,1207
P250 | Contaminant (Battle-Scarred),90,90,74
★ Bowie Knife | Urban Masked (Well-Worn),10707,10707,9363
Sticker | stavn (Holo) | Antwerp 2022,123,123,83
Sticker Slab | God of Fortune,230,230,200
★ StatTrak™ Kukri Knife | Crimson Web (Field-Tested),18953,18953,14204
Sticker | SunPayus (Holo) | Budapest 2025,51,51,34
Sticker | hades (Gold) | Paris 2023,245,245,220
Five-SeveN | Hyper Beast (Battle-Scarred),49340,49340,40882
Desert Eagle | Urban Rubble (Well-Worn),48,48,34
Sticker | torzsi (Gold) | Austin 2025,203,203,204
Sticker | Passion UA (Holo) | Shanghai 2024,1169,1296,945
SG 553 | Candy Apple (Field-Tested),934,934,673
Galil AR | Firefight (Well-Worn),171,230,138
Sticker Slab | Apeks (Holo) | Paris 2023,576,576,244
M4A1-S | Nitro (Factory New),5393,5772,4176
★ Ursus Knife | Stained (Factory New),22969,30366,20934
SSG 08 | Azure Glyph (Minimal Wear),198,217,152
Sticker Slab | zont1x | Copenhagen 2024,2500,2500,2
CZ75-Auto | Red Astor (Factory New),1179,1307,932
Sticker | EliGE (Glitter) | Shanghai 2024,40,40,26
StatTrak™ Glock-18 | Sacrifice (Minimal Wear),202,258,161
Sticker | paiN Gaming (Gold) | Shanghai 2024,435,456,363
Galil AR | Eco (Field-Tested),2192,2430,1699
MAG-7 | Seabird (Field-Tested),842,1296,639
Sticker | G2 Esports (Gold) | Copenhagen 2024,627,627,549
Sticker | jks (Gold) | Berlin 2019,3385,3385,4566
Sticker | Noble (Holo),163,163,115
Sticker | G2 Esports (Glitter) | Antwerp 2022,50,50,40
Sticker | G2 Esports (Holo) | Atlanta 2017,12154,14362,12535
Sticker | Sharks Esports | Stockholm 2021,25,25,15
Tec-9 | Blast From the Past (Minimal Wear),869,869,786
Sticker | shox (Gold) | Stockholm 2021,1123,1123,1039
StatTrak™ UMP-45 | Motorized (Battle-Scarred),15,15,11
StatTrak™ MP5-SD | Statics (Factory New),435,435,335
Sticker | s1mple (Foil) | London 2018,4894,5556,3107
Sticker | Ax1Le (Glitter) | Rio 2022,22,22,16
Desert Eagle | Tilted (Well-Worn),32,32,19
Sticker | Natus Vincere (Foil) | Cologne 2015,2832,2832,2227
StatTrak™ Galil AR | Crimson Tsunami (Battle-Scarred),746,746,492
StatTrak™ Negev | Prototype (Field-Tested),27,27,24
Glock-18 | Fade (Factory New),359983,359983,205368
Sticker Slab | kensizor | Budapest 2025,2535,2535,2
Galil AR | Hunting Blind (Field-Tested),390,390,261
London 2018 Legends (Holo-Foil),3944,3944,2720
StatTrak™ Nova | Ocular (Factory New),1261,1446,971
CZ75-Auto | Syndicate (Field-Tested),1337,1337,1035
Sticker Slab | MIBR (Gold) | Budapest 2025,260,260,181
XM1014 | Heaven Guard (Factory New),3155,3384,2209
Glock-18 | Snack Attack (Minimal Wear),6013,6376,5110
★ M9 Bayonet | Doppler Phase 1 (Factory New),191849,193657,102580
StatTrak™ Galil AR | Galigator (Minimal Wear),624,646,460
Dual Berettas | Rose Nacre (Factory New),36,36,32
Sticker Slab | kennyS (Foil) | Cologne 2015,28781,28781,15602
Sticker | Snax | Cologne 2015,1585,1585,837
★ StatTrak™ Survival Knife | Night Stripe (Field-Tested),11120,11120,9000
Sticker | Purple Jaggyfish,285,321,268
Sticker | gxx- (Glitter) | Antwerp 2022,13,13,20
Glock-18 | Catacombs (Well-Worn),170,170,119
CZ75-Auto | Indigo (Well-Worn),661,661,253
StatTrak™ SCAR-20 | Outbreak (Factory New),222,260,149
Sticker Slab | npl | Austin 2025,2535,2535,83
"Music Kit | ISOxo, inhuman",813,980,623
★ Talon Knife | Ultraviolet (Field-Tested),50121,50121,40171
M4A1-S | Flashback (Battle-Scarred),583,583,443
MP7 | Prey (Factory New),178,178,149
Dual Berettas | Sweet Little Angels (Well-Worn),360,416,340
★ Driver Gloves | Snow Leopard (Minimal Wear),116272,120109,85518
SSG 08 | Dezastre (Battle-Scarred),11,11,8
★ StatTrak™ Ursus Knife | Blue Steel (Battle-Scarred),20695,20695,11300
StatTrak™ Tec-9 | Rebel (Field-Tested),17,17,13
★ Karambit | Scorched (Minimal Wear),87047,96372,68277
Sticker Slab | regali (Foil) | Austin 2025,260,260,141
AUG | Eye of Zapems (Well-Worn),379,379,306
StatTrak™ M4A4 | Cyber Security (Well-Worn),5006,5006,3768
Sticker Slab | Smoke Criminal,479,479,379
MP7 | Teal Blossom (Factory New),19070,21124,15172
AUG | Death by Puppy (Well-Worn),1185,1185,821
★ StatTrak™ Stiletto Knife | Boreal Forest (Field-Tested),24003,34536,18382
Sticker | Perfecto (Holo) | Paris 2023,115,115,105
Tec-9 | Avalanche (Field-Tested),460,460,333
Sticker | TACO (Foil) | Katowice 2019,469,477,454
Sticker | huNter- (Gold) | Budapest 2025,456,456,292
StatTrak™ FAMAS | ZX Spectron (Factory New),6536,7095,5457
Sticker | xKacpersky (Gold) | Budapest 2025,2554,2554,1362
StatTrak™ MP7 | Armor Core (Minimal Wear),198,198,140
Souvenir AUG | Sand Storm (Well-Worn),3139,3139,2267
StatTrak™ Glock-18 | Wraiths (Minimal Wear),414,414,327
StatTrak™ AK-47 | Nightwish (Well-Worn),9815,11109,8667
StatTrak™ Dual Berettas | Tread (Battle-Scarred),127,127,106
StatTrak™ SCAR-20 | Outbreak (Minimal Wear),135,135,82
